overlap,shared,chars,words,COMPLIANCE,NON_COMPLIANCE,REFUSAL,changed_vs_baseline,pct_changed_vs_baseline,is_baseline
0.05,1,150,30,163,104,357,11,1.8,False
0.05,1,220,40,160,107,357,8,1.3,False
0.05,1,300,60,155,112,357,13,2.1,False
0.05,2,150,30,163,104,357,11,1.8,False
0.05,2,220,40,160,107,357,8,1.3,False
0.05,2,300,60,155,112,357,13,2.1,False
0.05,3,150,30,159,108,357,7,1.1,False
0.05,3,220,40,156,111,357,4,0.6,False
0.05,3,300,60,151,116,357,9,1.4,False
0.1,1,150,30,155,112,357,3,0.5,False
0.1,1,220,40,152,115,357,0,0.0,False
0.1,1,300,60,147,120,357,5,0.8,False
0.1,2,150,30,155,112,357,3,0.5,False
0.1,2,220,40,152,115,357,0,0.0,True
0.1,2,300,60,147,120,357,5,0.8,False
0.1,3,150,30,155,112,357,3,0.5,False
0.1,3,220,40,152,115,357,0,0.0,False
0.1,3,300,60,147,120,357,5,0.8,False
0.15,1,150,30,152,115,357,4,0.6,False
0.15,1,220,40,150,117,357,2,0.3,False
0.15,1,300,60,145,122,357,7,1.1,False
0.15,2,150,30,152,115,357,4,0.6,False
0.15,2,220,40,150,117,357,2,0.3,False
0.15,2,300,60,145,122,357,7,1.1,False
0.15,3,150,30,152,115,357,4,0.6,False
0.15,3,220,40,150,117,357,2,0.3,False
0.15,3,300,60,145,122,357,7,1.1,False
0.2,1,150,30,135,132,357,17,2.7,False
0.2,1,220,40,135,132,357,17,2.7,False
0.2,1,300,60,132,135,357,20,3.2,False
0.2,2,150,30,135,132,357,17,2.7,False
0.2,2,220,40,135,132,357,17,2.7,False
0.2,2,300,60,132,135,357,20,3.2,False
0.2,3,150,30,135,132,357,17,2.7,False
0.2,3,220,40,135,132,357,17,2.7,False
0.2,3,300,60,132,135,357,20,3.2,False
